"po_number","cust_id","sku"
"PO NUMBER","Cust ID","NB SKU"
"C077836","Canada","WL515WHT"
"U008386","United States","ML515BLK"
"U008362","United States","ML515NVY"
"U008407","United States","WL515WHT"
"U008398","United States","ML515WHT"
"U008400","United States","ML515BLK"
"U008358","United States","ML515BLK"
"U008402","United States","WL515GRY"
"U008371","United States","WL515SB3"
"U008381","United States","WL515SB3"
"C095005","Canada","WL515WHT"
"U013086","United States","WL515WHT"
"U013094","United States","WL515WHT"
"U013140","United States","WL515WHT"
"U013141","United States","WL515WHT"
"U013143","United States","ML515BLK"
"U013144","United States","ML515BLK"
"U013145","United States","WL515WHT"
"U013148","United States","WL515WHT"
"U013149","United States","WL515WHT"
"U013150","United States","WL515WHT"
"U013151","United States","WL515WHT"
"U013152","United States","WL515WHT"
"U013153","United States","WL515WHT"
"U019097","United States","GC515GRY"
"U019102","United States","GC515GRY"
"U019108","United States","PC515PNK"
"U019107","United States","GC515GRY"
"U019083","United States","PC515GRY"
"U019103","United States","PC515GRY"
"U019105","United States","PC515GRY"
"U019100","United States","GC515WHT"
"C107794","Canada","ML515NVY"
"C107798","Canada","ML515WNV"
"C107802","Canada","ML515TWT"
"U022400","United States","WL515MBO"
"U022429","United States","ML515AGG"
"U022439","United States","WL515WHT"
"U022450","United States","ML515GRY"
"U022490","United States","WL515WHT"
"U022491","United States","ML515NVY"
"U022494","United States","WL515BLK"
"U022497","United States","WL515MBO"
"U022400","United States","WL515MBO"
"U022890","United States","WL515NVY"
"U023479","United States","GC515GRY"
"U023479","United States","GC515GRY"
"U023480","United States","GC515WHT"
"U023480","United States","GC515WHT"
"U023481","United States","PC515PNK"
"U023481","United States","PC515PNK"
"U023482","United States","NW515BP"
"U023482","United States","NW515BP"
"U023482","United States","NW515BP"
"U034795","United States","GC515WHT"
"U034795","United States","GC515WHT"
"U034935","United States","GC515GRY"
"U034935","United States","GC515GRY"
"U034937","United States","GC515WHT"
"U034937","United States","GC515WHT"
"U030916","United States","WL515NVY"
"U030916","United States","WL515NVY"
"U030916","United States","WL515NVY"
"U031129","United States","WL515MNV"
"U031172","United States","WL515SBL"
"U031197","United States","ML515AGR"
"U031201","United States","ML515AGG"
"U031204","United States","ML515AGG"
"U031258","United States","WL515SBL"
"U030520","United States","ML515AGG"
"U030520","United States","ML515AGG"
"U030520","United States","ML515AGG"
"U030521","United States","ML515BNV"
"U030521","United States","ML515BNV"
"U030521","United States","ML515BNV"
"U030535","United States","ML515TWT"
"U030539","United States","ML515WNV"
"U030912","United States","ML515WNV"
"U030912","United States","ML515WNV"
"U030914","United States","ML515AGR"
"U030914","United States","ML515AGR"
"U030914","United States","ML515AGR"
"U032618","United States","ML515AGG"
"U032618","United States","ML515AGG"
"U032618","United States","ML515AGG"
"U032629","United States","ML515TWT"
"U035094","United States","ML515AGG"
"U035094","United States","ML515AGG"
"U035107","United States","ML515AGG"
"U035107","United States","ML515AGG"
"U035107","United States","ML515AGG"
"U035109","United States","ML515AGG"
"U035109","United States","ML515AGG"
"U035109","United States","ML515AGG"
"U035599","United States","ML515BNV"
"U035599","United States","ML515BNV"
"U035599","United States","ML515BNV"
"U035600","United States","ML515BNV"
"U035600","United States","ML515BNV"
"U035600","United States","ML515BNV"
"C114990","Canada","ML515TOV"
"U038629","United States","ML515AGR"
"U038629","United States","ML515AGR"
"U038629","United States","ML515AGR"
"U038630","United States","ML515AGG"
"U038630","United States","ML515AGG"
"U038630","United States","ML515AGG"
"U038647","United States","WL515WHT"
"U038647","United States","WL515WHT"
"U038652","United States","ML515WNV"
"U038669","United States","ML515TWT"
"U038695","United States","WL515MNV"
"U038698","United States","ML515WNV"
"U039263","United States","ML515TOV"
"U039264","United States","WL515MGG"
"U040778","United States","ML515AGR"
"C119725","Canada","ML515WGR"
"C119731","Canada","ML515AGR"
"C119731","Canada","ML515AGR"
"C119739","Canada","ML515TOV"
"U044275","United States","GC515GRY"
"U044275","United States","GC515GRY"
"U044276","United States","GC515WHT"
"U044277","United States","PC515GRY"
"U044277","United States","PC515GRY"
"U044299","United States","GC515PNK"
"U044299","United States","GC515PNK"
"U044300","United States","PC515BLK"
"U044300","United States","PC515BLK"
"U044301","United States","PC515GRY"
"U044301","United States","PC515GRY"
"U044303","United States","GC515WHT"
"U044312","United States","PC515NVY"
"U044312","United States","PC515NVY"
"U044423","United States","ML515TOV"
"U044438","United States","WL515MGG"
"U044440","United States","ML515BLK"
"U044440","United States","ML515BLK"
"U044442","United States","ML515GRY"
"U044442","United States","ML515GRY"
"U044452","United States","GC515BLK"
"U044452","United States","GC515BLK"
"U044462","United States","ML515WNV"
"U044464","United States","GC515BLK"
"U044464","United States","GC515BLK"
"U038688","United States","ML515AGR"
"U038689","United States","ML515AGG"
"U038690","United States","ML515AGG"
"U038691","United States","ML515AGR"
"U038697","United States","ML515AGR"
"U038697","United States","ML515AGR"
"C119733","Canada","GC515BLK"
"C119733","Canada","GC515BLK"
"C119750","Canada","PC515GRY"
"C119750","Canada","PC515GRY"
"U044272","United States","GC515GRY"
"U044323","United States","GC515WHT"
"U044325","United States","PC515GRY"
"U044327","United States","PC515GRY"
"U044430","United States","ML515TOV"
"U044433","United States","ML515WNV"
"U044434","United States","ML515TWT"
"U044449","United States","PC515BLK"
"U044449","United States","PC515BLK"
"U044483","United States","ML515AGG"
"U044484","United States","WL515MBO"
"C119881","Canada","ML515NVY"
"C119881","Canada","ML515NVY"
"U044426","United States","PC515BP"
"U044426","United States","PC515BP"
"U045032","United States","ML515NVY"
"U045085","United States","ML515NVY"
"U045085","United States","ML515NVY"
"C120213","Canada","ML515TWT"
"U045989","United States","ML515GRY"
"U050539","United States","WL515SBL"
"U050543","United States","WL515SBL"
"U050794","United States","WL515SBL"
"U051422","United States","ML515BNV"
"U051422","United States","ML515BNV"
"U051424","United States","ML515AGR"
"U051424","United States","ML515AGR"
"U051424","United States","ML515AGR"
"U051469","United States","ML515TWT"
"U051470","United States","ML515TOV"
"U051519","United States","ML515AGG"
"U050780","United States","ML515BLK"
"U050780","United States","ML515BLK"
"U050782","United States","ML515BLK"
"U050782","United States","ML515BLK"
"U050783","United States","ML515BLK"
"U050783","United States","ML515BLK"
"U051015","United States","WL515WHT"
"U051015","United States","WL515WHT"
"U051112","United States","WL515WHT"
"U051112","United States","WL515WHT"
"U051322","United States","ML515WNV"
"U051326","United States","ML515WBR"
"U051392","United States","GC515WHT"
"U051392","United States","GC515WHT"
"U051136","United States","NW515GRY"
"U051136","United States","NW515GRY"
"U051136","United States","NW515GRY"
"U044316","United States","PC515GRY"
"U044480","United States","ML515AGR"
"U044481","United States","ML515AGR"
"U044317","United States","PC515WHT"
"C120970","Canada","WL515WHT"
"C120981","Canada","U574SGG"
"C121017","Canada","ML515BLK"
"C121017","Canada","ML515BLK"
"C121020","Canada","WL515WHT"
"C121020","Canada","WL515WHT"
"U050982","United States","ML515WBR"
"U050982","United States","ML515WBR"
"U051133","United States","WL515GRY"
"U051133","United States","WL515GRY"
"U051137","United States","WL515SB3"
"U051137","United States","WL515SB3"
"U051285","United States","WL515MBO"
"U051323","United States","WL515MGR"
"U051354","United States","WL515SOR"
"U051429","United States","WL515MNV"
"U051450","United States","NW515GRY"
"U051450","United States","NW515GRY"
"U051467","United States","ML515WNV"
"U051471","United States","ML515WNV"
"U051599","United States","PC515GRY"
"U051630","United States","ML515AGG"
"U051778","United States","ML515AGR"
"U051779","United States","ML515NVY"
"U051926","United States","PC515GRY"
"U051926","United States","PC515GRY"
"U051926","United States","PC515GRY"
"U051927","United States","WL515NVY"
"U051927","United States","WL515NVY"
"U051928","United States","WL515NVY"
"U051928","United States","WL515NVY"
"U051934","United States","WL515BLK"
"U051934","United States","WL515BLK"
"U051934","United States","WL515BLK"
"U051943","United States","WL515BLK"
"U051943","United States","WL515BLK"
"U051994","United States","PC515GRY"
"U051994","United States","PC515GRY"
"U052087","United States","WL515WHT"
"U052090","United States","WL515WHT"
"U052097","United States","WL515WHT"
"U052100","United States","WL515WHT"
"C121050","Canada","ML574EVG"
"C121051","Canada","ML574EVG"
"C121051","Canada","ML574EVG"
"C121051","Canada","ML574EVG"
"U051981","United States","WL515HAH"
"U052312","United States","ML574EVG"
"U052313","United States","ML574EVG"
"U052315","United States","ML574EVG"
"U052316","United States","ML574EVG"
"U052317","United States","ML574EVG"
"U052318","United States","ML574EVG"
"U052319","United States","WL515HAH"
"U052321","United States","ML574EVG"
"U052357","United States","ML515GRY"
"U052357","United States","ML515GRY"
"U052425","United States","ML515TOV"
"U052495","United States","WL515NVY"
"U052495","United States","WL515NVY"
"U052498","United States","ML515NVY"
"U052576","United States","U574SGG"
"U052578","United States","U574SGG"
"U052631","United States","U574SGG"
"U052632","United States","U574SGG"
"U052632","United States","U574SGG"
"U052633","United States","U574SGG"
"U052633","United States","U574SGG"
"U052634","United States","U574SGG"
"U052635","United States","U574SGG"
"C122310","Canada","ML515BLK"
"C122311","Canada","WL574MLG"
"C122313","Canada","WL574MGS"
"U057528","United States","ML515BLK"
"U057528","United States","ML515BLK"
"U057534","United States","ML515BLK"
"U057534","United States","ML515BLK"
"U057552","United States","U574SGG"
"U057552","United States","U574SGG"
"U051607","United States","NW515GRY"
"U051619","United States","WL515SOR"
"U051620","United States","WL515NVY"
"U051622","United States","WL515MBO"
"U051623","United States","WL515SB3"
"U051645","United States","WL515MBO"
"U051647","United States","WL515MBO"
"U051650","United States","WL515MBO"
"U051679","United States","ML515WHT"
"U051681","United States","ML515WHT"
"U051687","United States","WL515GRY"
"U051688","United States","WL515GRY"
"U051695","United States","WL515GRY"
"U057529","United States","NW515GRY"
"U057529","United States","NW515GRY"
"U057530","United States","WL515NVY"
"U057530","United States","WL515NVY"
"U057531","United States","WL515GRY"
"U057531","United States","WL515GRY"
"U057532","United States","NW515GRY"
"U057532","United States","NW515GRY"
"U057532","United States","NW515GRY"
"U057533","United States","WL515BLK"
"U057533","United States","WL515BLK"
"U057539","United States","WL515NVY"
"U057539","United States","WL515NVY"
"U057541","United States","WL515MBO"
"U057542","United States","WL515SBL"
"U057543","United States","WL515BLK"
"U057543","United States","WL515BLK"
"U057550","United States","ML515TOV"
"U057554","United States","ML515WNV"
"U057557","United States","WL515MGG"
"U057559","United States","WL515SBL"
"U057561","United States","ML515AGR"
"U057561","United States","ML515AGR"
"U057561","United States","ML515AGR"
"U057903","United States","NW515GRY"
"U057903","United States","NW515GRY"
"U057904","United States","WL515BLK"
"U057904","United States","WL515BLK"
"U058009","United States","WL574MLG"
"U058010","United States","WL574MLG"
"U058011","United States","WL574MLG"
"U058012","United States","WL574MLG"
"U058014","United States","WL574MGS"
"U058021","United States","WL515MBO"
"U058023","United States","WL515MBO"
"U058026","United States","WL574MLG"
"U058029","United States","WL515MBO"
"U058033","United States","WL515GRY"
"U058035","United States","WL515GRY"
"U058036","United States","WL515GRY"
"U058039","United States","ML515WNV"
"U058042","United States","NW515GRY"
"U058044","United States","WL515GRY"
"U058051","United States","ML515AGR"
"U058052","United States","ML515TOV"
"U058054","United States","ML515TOV"
"U058055","United States","ML515TOV"
"U058056","United States","ML515AGR"
"U058057","United States","ML515TOV"
"U058060","United States","WL574MGS"
"U058062","United States","WL574MGS"
"U058097","United States","ML515AGR"
"U058097","United States","ML515AGR"
"U058214","United States","NW515GRY"
"U058250","United States","WL574MGS"
"U058251","United States","WL574MGS"
"U058253","United States","WL574MGS"
"U059683","United States","WL574MLG"
"U059684","United States","WL574MGS"
"U059685","United States","WL574MGS"
"U059686","United States","WL574MGS"
"U059688","United States","WL574MLG"
"U059692","United States","WL574MLG"
"U059700","United States","PC515PNK"
"U059700","United States","PC515PNK"
"C123339","Canada","WL515BLK"
"C123339","Canada","WL515BLK"
"C123341","Canada","NW515GRY"
"C123341","Canada","NW515GRY"
"U061689","United States","NW515GRY"
"U061689","United States","NW515GRY"
"U061689","United States","NW515GRY"
"U063246","United States","PZ740BO"
"U063246","United States","PZ740BO"
"U063276","United States","ML515AGR"
"U063278","United States","ML515AGR"
"U063691","United States","PZ740NW"
"U063691","United States","PZ740NW"
"U064190","United States","NW515GRY"
"U064194","United States","PC515PNK"
"U064195","United States","GC515GRY"
"U064236","United States","WL515HAH"
"U064238","United States","NW515GRY"
"C123344","Canada","WL515WHT"
"C123344","Canada","WL515WHT"
"U063263","United States","ML515NVY"
"U063263","United States","ML515NVY"
"U063264","United States","ML515WHT"
"U063264","United States","ML515WHT"
"U064192","United States","PC515GRY"
"U064340","United States","PC515GRY"
"C125168","Canada","ML515WNV"
"U065862","United States","ML515GRY"
"U065862","United States","ML515GRY"
"U065863","United States","ML515TWT"
"U065864","United States","ML515WNV"
"C124388","Canada","WL515GRY"
"C124388","Canada","WL515GRY"
"U065788","United States","GC515WHT"
"U065788","United States","GC515WHT"
"U065801","United States","GC515WHT"
"U067971","United States","GC515BLK"
"U067971","United States","GC515BLK"
"U067972","United States","PC515BLK"
"U067972","United States","PC515BLK"
"U067974","United States","GC515GRY"
"U067974","United States","GC515GRY"
"U068004","United States","GC515GRY"
"U068004","United States","GC515GRY"
"U068008","United States","GC515BLK"
"U068008","United States","GC515BLK"
"U068068","United States","GC515GRY"
"U068139","United States","PC515BLK"
"U068139","United States","PC515BLK"
"U069004","United States","ML515BLK"
"U069004","United States","ML515BLK"
"U069030","United States","WL515NVY"
"U069030","United States","WL515NVY"
"U069031","United States","ML515BLK"
"U069031","United States","ML515BLK"
"U069031","United States","ML515BLK"
"U069256","United States","WL515BLK"
"U069256","United States","WL515BLK"
"U068994","United States","ML515NVY"
"U069034","United States","ML515NVY"
"U069034","United States","ML515NVY"
"U069151","United States","ML515NVY"
"C126145","Canada","PC515BLK"
"C126145","Canada","PC515BLK"
"C125813","Canada","W57458W"
"U068996","United States","WL515GRY"
"U068996","United States","WL515GRY"
"U069001","United States","WL515WHT"
"U069001","United States","WL515WHT"
"U069014","United States","ML515GRY"
"U069014","United States","ML515GRY"
"U069017","United States","PC515PNK"
"U069017","United States","PC515PNK"
"U069026","United States","ML515WHT"
"U069026","United States","ML515WHT"
"U069234","United States","WL515WHT"
"U069234","United States","WL515WHT"
"U069235","United States","WL515WHT"
"U069235","United States","WL515WHT"
"U069242","United States","WL515WHT"
"U069242","United States","WL515WHT"
"U068215","United States","GC515GRY"
"C125873","Canada","WL515BLK"
"C125873","Canada","WL515BLK"
"C125875","Canada","ML515GRY"
"C125875","Canada","ML515GRY"
"C125881","Canada","ML515BLK"
"C125881","Canada","ML515BLK"
"U068991","United States","WL515NVY"
"U068991","United States","WL515NVY"
"U069149","United States","WL515NVY"
"U069149","United States","WL515NVY"
"U069317","United States","NW515GRY"
"U069319","United States","PC515GRY"
"U069375","United States","ML515GRY"
"U069394","United States","GC515GRY"
"C126075","Canada","ML574EVG"
"C126075","Canada","ML574EVG"
"C126075","Canada","ML574EVG"
"C126076","Canada","WL574EVB"
"C126076","Canada","WL574EVB"
"C126077","Canada","ML574EVB"
"C126077","Canada","ML574EVB"
"C126077","Canada","ML574EVB"
"U072721","United States","WL515WHT"
"U072721","United States","WL515WHT"
"U072722","United States","ML515NVY"
"U072722","United States","ML515NVY"
"U072740","United States","ML515WHT"
"U072740","United States","ML515WHT"
"U072744","United States","ML515WHT"
"U075938","United States","ML574EVG"
"U075938","United States","ML574EVG"
"C126374","Canada","ML574EVG"
"C126374","Canada","ML574EVG"
"U075938","United States","ML574EVG"
"U075948","United States","ML574EVG"
"C126374","Canada","ML574EVG"
"C126713","Canada","M515873"
"C126713","Canada","M515873"
"U075948","United States","ML574EVG"
"U075948","United States","ML574EVG"
"U075957","United States","ML574EVG"
"U075957","United States","ML574EVG"
"U075957","United States","ML574EVG"
"C126713","Canada","M515873"
"U077090","United States","NW515GRY"
"C126714","Canada","U57429T"
"U077090","United States","NW515GRY"
"U077090","United States","NW515GRY"
"C126717","Canada","U5745LX"
"U077172","United States","NW515GRY"
"U077172","United States","NW515GRY"
"U077181","United States","W5151SM"
"U077185","United States","U57429T"
"U077247","United States","PC515GRY"
"U077247","United States","PC515GRY"
"U077250","United States","PC515GRY"
"U077250","United States","PC515GRY"
"U077256","United States","PC515NVY"
"U077256","United States","PC515NVY"
"U077271","United States","U5745LX"
"U077292","United States","U5745LX"
"U077954","United States","WL515NVY"
"U077954","United States","WL515NVY"
"U078010","United States","M515873"
"U078010","United States","M515873"
"U078059","United States","ML515NVY"
"U078059","United States","ML515NVY"
"U078061","United States","WL515NVY"
"U078061","United States","WL515NVY"
"C126727","Canada","M5152YB"
"C126727","Canada","M5152YB"
"U078121","United States","W5155RA"
"U078129","United States","W51547Y"
"U078195","United States","PC515BLK"
"U078195","United States","PC515BLK"
"U078646","United States","GC515GRY"
"U078646","United States","GC515GRY"
"U078647","United States","NW515GRY"
"U081204","United States","WL515GRY"
"U081204","United States","WL515GRY"
"U081205","United States","ML515GRY"
"U081206","United States","ML515GRY"
"U081206","United States","ML515GRY"
"U081207","United States","W57458W"
"U081208","United States","W57458W"
"U078647","United States","NW515GRY"
"U078806","United States","NW515GRY"
"U078808","United States","NW515GRY"
"U078811","United States","NW515GRY"
"U078877","United States","NW515GRY"
"U078885","United States","NW515GRY"
"U078886","United States","PC515PNK"
"U078888","United States","PC515PNK"
"U078889","United States","NW515GRY"
"U078903","United States","PC515PNK"
"U079522","United States","W5746J3"
"U079749","United States","ML515NVY"
"U079755","United States","ML515NVY"
"U079755","United States","ML515NVY"
"U079760","United States","WL515BLK"
"U079760","United States","WL515BLK"
"U079791","United States","M5152YB"
"U079791","United States","M5152YB"
"U083320","United States","U5748SB"
"U083320","United States","U5748SB"
"U083219","United States","U5742RG"
"U083315","United States","U5748SB"
"U083317","United States","U5742RG"
"U083318","United States","U57418X"
"U083319","United States","U57418X"
"U082606","United States","GC515GRY"
"U082606","United States","GC515GRY"
"U082648","United States","U5745LX"
"U082650","United States","U57429T"
"C127131","Canada","M5152YB"
"C127131","Canada","M5152YB"
"C127131","Canada","M5152YB"
"U075959","United States","ML515GRY"
"U075946","United States","ML574EVG"
"U075953","United States","ML574EVG"
"U075956","United States","ML574EVG"
"U075945","United States","ML574EVG"
"U075955","United States","ML574EVG"
"U075960","United States","ML574EVG"
"U075949","United States","ML515GRY"
"U075958","United States","GC515GRY"
"U075963","United States","GC515GRY"
"U075935","United States","GC515GRY"
"U075937","United States","GC515GRY"
"U075934","United States","PC515GRY"
"U075932","United States","PC515GRY"
"U075944","United States","PC515GRY"
"U075941","United States","ML515GRY"
"U075942","United States","PC515GRY"
"U075943","United States","ML515GRY"
"U078813","United States","ML515AGR"
"U078815","United States","ML515AGR"
"U073871","United States","PC515NVY"
"U073871","United States","PC515NVY"
"U073871","United States","PC515NVY"
"U073871","United States","PC515NVY"
"U078840","United States","W5151SM"
"U078649","United States","W51547Y"
"U078649","United States","W51547Y"
"U078649","United States","W51547Y"
"U078909","United States","W51547Y"
"U075950","United States","PC515GRY"
"U075951","United States","PC515GRY"
"U075939","United States","ML515GRY"
"U082613","United States","WL515GRY"
"U082613","United States","WL515GRY"
"U082624","United States","WL515WHT"
"U082624","United States","WL515WHT"
"U082631","United States","ML574EVG"
"U082631","United States","ML574EVG"
"U082631","United States","ML574EVG"
"U082632","United States","ML515GRY"
"U082632","United States","ML515GRY"
"U088494","United States","ML515BLK"
"U088494","United States","ML515BLK"
"U088501","United States","WL515NVY"
"U088501","United States","WL515NVY"
"U088509","United States","ML515GRY"
"U088509","United States","ML515GRY"
"U088513","United States","WL515NVY"
"U088513","United States","WL515NVY"
"U088536","United States","U5748SB"
"U088536","United States","U5748SB"
"U088550","United States","NW515GRY"
"U088550","United States","NW515GRY"
"U088552","United States","PC515GRY"
"U088552","United States","PC515GRY"
"U088572","United States","GC515GRY"
"U088572","United States","GC515GRY"
"U088576","United States","PC515GRY"
"U088576","United States","PC515GRY"
"U088578","United States","U57418X"
"U088579","United States","NW515GRY"
"U088579","United States","NW515GRY"
"U088579","United States","NW515GRY"
"U088592","United States","W5749OU"
"U088592","United States","W5749OU"
"U088611","United States","U57418X"
"U088614","United States","U5748SB"
"U088614","United States","U5748SB"
"U088618","United States","W57480T"
"U088621","United States","U5748SB"
"U088646","United States","W57480T"
"U088646","United States","W57480T"
"U089143","United States","WL515SBL"
"U088525","United States","G57450H"
"U088525","United States","G57450H"
"U088526","United States","G57450H"
"U088526","United States","G57450H"
"U088529","United States","P57485G"
"U088529","United States","P57485G"
"U088530","United States","I5741SO"
"U088530","United States","I5741SO"
"U088543","United States","W57474P"
"U088543","United States","W57474P"
"U088581","United States","U5747FE"
"U088581","United States","U5747FE"
"U088585","United States","I5741SO"
"U088585","United States","I5741SO"
"U088589","United States","W57474P"
"U088589","United States","W57474P"
"U088596","United States","G57450H"
"U088596","United States","G57450H"
"U088599","United States","I5741SO"
"U088599","United States","I5741SO"
"U088600","United States","W57474P"
"U088600","United States","W57474P"
"U088604","United States","P57485G"
"U088604","United States","P57485G"
"U088605","United States","G57450H"
"U088605","United States","G57450H"
"U088606","United States","P57485G"
"U088606","United States","P57485G"
"U088613","United States","W57424E"
"U088623","United States","W57480T"
"U088624","United States","W57480T"
"U088624","United States","W57480T"
"U088633","United States","U57429T"
"U088647","United States","U57429T"
"U089721","United States","U5748DF"
"U089721","United States","U5748DF"
"U089100","United States","W51547Y"
"U089100","United States","W51547Y"
"U089156","United States","M5152YB"
"U089156","United States","M5152YB"
"U089160","United States","W51547Y"
"U089161","United States","W5151SM"
"U089162","United States","W51547Y"
"U089165","United States","M515873"
"U088527","United States","W51547Y"
"U088534","United States","W51547Y"
"U088540","United States","U5742RG"
"U088566","United States","W5151SM"
"U088567","United States","W51547Y"
"U088568","United States","W5155RA"
"U088574","United States","M515873"
"U088574","United States","M515873"
"U088575","United States","M5152YB"
"U088575","United States","M5152YB"
"U088575","United States","M5152YB"
"U088577","United States","M5153C7"
"U088577","United States","M5153C7"
"U088577","United States","M5153C7"
"U088583","United States","W5156FP"
"U088583","United States","W5156FP"
"U088586","United States","PC515NVY"
"U088586","United States","PC515NVY"
"U088598","United States","W5156FP"
"U088598","United States","W5156FP"
"U088601","United States","M515873"
"U088601","United States","M515873"
"U088603","United States","M5152YB"
"U088603","United States","M5152YB"
"U088616","United States","U5742RG"
"U088622","United States","U5742RG"
"U089707","United States","U5748DF"
"U089707","United States","U5748DF"
"U089716","United States","U5748DF"
"U089716","United States","U5748DF"
"U089879","United States","U7401UW"
"U090116","United States","W57424E"
"U088523","United States","P7407QM"
"U088524","United States","G7407LM"
"U088524","United States","G7407LM"
"U088532","United States","P7407QM"
"U088533","United States","I7409R4"
"U088573","United States","G7407LM"
"U088573","United States","G7407LM"
"U088590","United States","G7407LM"
"U088590","United States","G7407LM"
"U088607","United States","P7407QM"
"U088612","United States","I7409R4"
"U091749","United States","U7405I7"
"U073872","United States","PC515NVY"
"U075954","United States","ML515GRY"
"U089753","United States","NW515GRY"
"U089753","United States","NW515GRY"
"U089756","United States","PC515GRY"
"U089756","United States","PC515GRY"
"U089757","United States","GC515GRY"
"U089758","United States","NW515GRY"
"U089762","United States","PC515GRY"
"U089773","United States","GC515GRY"
"U089780","United States","PC515GRY"
"U093764","United States","ML574EVB"
"U093764","United States","ML574EVB"
"U093764","United States","ML574EVB"
"U093765","United States","ML574EVG"
"U093765","United States","ML574EVG"
"U093841","United States","U57418X"
"U093906","United States","ML574EVN"
"U093928","United States","U57418X"
"U093931","United States","U5745LX"
"U093932","United States","M5152YB"
"U093932","United States","M5152YB"
"U093932","United States","M5152YB"
"U093935","United States","M515873"
"U093935","United States","M515873"
"U093935","United States","M515873"
"U093944","United States","U57429T"
"U093951","United States","U57429T"
"U095073","United States","ML574EVB"
"U095074","United States","ML574EVB"
"U095075","United States","ML574EVB"
"U095076","United States","ML574EVB"
"U095077","United States","ML574EVB"
"U095078","United States","ML574EVB"
"U095079","United States","ML574EVB"
"U095080","United States","ML515AGR"
"U093238","United States","NW515GRY"
"U093238","United States","NW515GRY"
"U093343","United States","NW515GRY"
"U093343","United States","NW515GRY"
"U093343","United States","NW515GRY"
"U093384","United States","NW515GRY"
"U093384","United States","NW515GRY"
"U093384","United States","NW515GRY"
"U093920","United States","W5156FP"
"U093920","United States","W5156FP"
"U093254","United States","W57480T"
"U093271","United States","W57474P"
"U093403","United States","W57474P"
"U093403","United States","W57474P"
"U093407","United States","W57480T"
"U093407","United States","W57480T"
"U093408","United States","W5749OU"
"U093408","United States","W5749OU"
"U096487","United States","W57458W"
"C128228","Canada","GR740NW"
"C128229","Canada","PZ740BO"
"U095683","United States","GR740NW"
"U095728","United States","GR740BO"
"U095729","United States","GR740NW"
"U095732","United States","PZ740BO"
"U095733","United States","PZ740NW"
"U095737","United States","IZ740NW"
"U095773","United States","PZ740BO"
"U095774","United States","IZ740BO"
"U095775","United States","IZ740BO"
"U095778","United States","PZ740BO"
"U095780","United States","PZ740BO"
"U095787","United States","GR740BO"
"U095789","United States","GR740BO"
"U095989","United States","NW515GRY"
"U095995","United States","NW515GRY"
"U096013","United States","NW515GRY"
"U096022","United States","NW515GRY"
"U096024","United States","NW515GRY"
"U095851","United States","PC515GRY"
"U095851","United States","PC515GRY"
"U095851","United States","PC515GRY"
"U095987","United States","PC515PNK"
"U095988","United States","PC515GRY"
"U095993","United States","PC515GRY"
"U095996","United States","GC515GRY"
"U096015","United States","GC515GRY"
"U096021","United States","PC515GRY"
"U096023","United States","PC515GRY"
"U096029","United States","PC515GRY"
"U096040","United States","GC515GRY"
"U096043","United States","PC515WHT"
"C129045","Canada","M5152YB"
"C129045","Canada","M5152YB"
"U099228","United States","W5151SM"
"U099230","United States","M5152YB"
"U099230","United States","M5152YB"
"U099230","United States","M5152YB"
"U099233","United States","M515873"
"U099233","United States","M515873"
"U099233","United States","M515873"
"U099519","United States","M5152YB"
"U099519","United States","M5152YB"
"U099519","United States","M5152YB"
"U099521","United States","M515873"
"U099521","United States","M515873"
"U099521","United States","M515873"
"U099573","United States","U5742RG"
"U099584","United States","U57418X"
"U099636","United States","W51547Y"
"U099649","United States","U5742RG"
"U099659","United States","U57418X"
"U099673","United States","U57418X"
"U099869","United States","PC515NVY"
"U099869","United States","PC515NVY"
"U099882","United States","I5742W2"
"U099885","United States","I5741QU"
"U099885","United States","I5741QU"
"U099885","United States","I5741QU"
"U099886","United States","I5741QU"
"U099886","United States","I5741QU"
"U099886","United States","I5741QU"
"U099893","United States","I5741QU"
"U099893","United States","I5741QU"
"U099893","United States","I5741QU"
"U099900","United States","I5742W2"
"U099900","United States","I5742W2"
"U099900","United States","I5742W2"
"U099906","United States","I5742W2"
"U099906","United States","I5742W2"
"U099906","United States","I5742W2"
"U099912","United States","I5741QU"
"U099912","United States","I5741QU"
"U099912","United States","I5741QU"
"U099938","United States","P5746RH"
"U099938","United States","P5746RH"
"U099940","United States","P5746RH"
"U099940","United States","P5746RH"
"U099942","United States","P5743U6"
"U099942","United States","P5743U6"
"U099943","United States","P5746RH"
"U099943","United States","P5746RH"
"U099945","United States","P5743U6"
"U099945","United States","P5743U6"
"U099953","United States","P5743U6"
"U099953","United States","P5743U6"
"U099956","United States","PC515NVY"
"U099957","United States","PC515NVY"
"U099969","United States","I5742W2"
"U099969","United States","I5742W2"
"U099969","United States","I5742W2"
"U100915","United States","WL515NVY"
"U100915","United States","WL515NVY"
"U100977","United States","W51547Y"
"U100992","United States","WL515SBL"
"U101106","United States","M515873"
"U101106","United States","M515873"
"U101108","United States","WL515SBL"
"U101108","United States","WL515SBL"
"U101108","United States","WL515SBL"
"U101219","United States","U5748SB"
"U101219","United States","U5748SB"
"U101225","United States","U5748DF"
"U101225","United States","U5748DF"
"C129512","Canada","ML574EVG"
"C129512","Canada","ML574EVG"
"C129512","Canada","ML574EVG"
"C129513","Canada","ML574EVB"
"C129513","Canada","ML574EVB"
"C129513","Canada","ML574EVB"
"C128322","Canada","U740BM2"
"C128323","Canada","U740BM2"
"C128324","Canada","U740WM2"
"C128325","Canada","U740BM2"
"U100988","United States","WL515SBL"
"U101109","United States","ML574EVB"
"U101110","United States","ML574EVB"
"U101111","United States","ML574EVB"
"U101112","United States","ML574EVB"
"U101115","United States","ML574EVB"
"U101116","United States","ML574EVG"
"U101117","United States","ML574EVG"
"U101118","United States","ML574EVG"
"U101119","United States","ML574EVG"
"U101120","United States","ML574EVG"
"U101121","United States","ML574EVG"
"U101122","United States","ML574EVB"
"U103709","United States","I5742W2"
"U103709","United States","I5742W2"
"U103709","United States","I5742W2"
"C129614","Canada","I5743J5"
"C123342","Canada","IZ740NW"
"C123342","Canada","IZ740NW"
"C123345","Canada","ML515BLK"
"C123345","Canada","ML515BLK"
"U061694","United States","GR740SA"
"U061704","United States","U574SGG"
"U063244","United States","GR740SA"
"U063244","United States","GR740SA"
"U063252","United States","IZ740NW"
"U063252","United States","IZ740NW"
"U063260","United States","IZ740NW"
"U063260","United States","IZ740NW"
"U063748","United States","WL574XD2"
"U107331","United States","W51550B"
"U107350","United States","W5152LH"
"U107354","United States","M5152H1"
"U107360","United States","M51572Q"
"U107365","United States","M51534P"
"U107369","United States","M5157I4"
"U107517","United States","PC515NVY"
"U107517","United States","PC515NVY"
"U107343","United States","I5741QU"
"U107343","United States","I5741QU"
"U107343","United States","I5741QU"
"U107355","United States","I5742W2"
"U107355","United States","I5742W2"
"U107355","United States","I5742W2"
"U107396","United States","M5152H1"
"U107496","United States","M5157I4"
"U107496","United States","M5157I4"
"U107498","United States","M5152H1"
"U107498","United States","M5152H1"
"U107501","United States","M5157I4"
"U107501","United States","M5157I4"
"P446571","POLAND","WL515BLK"
"P446505","POLAND","ML515GRY"
"P451947","NETHERLANDS","ML515TMR"
"P451949","NETHERLANDS","WL515MBO"
"P451950","NETHERLANDS","WL515MGG"
"P451969","NETHERLANDS","ML515GRY"
"P451970","NETHERLANDS","ML515WHT"
"P461513","NETHERLANDS","WL515MBO"
"P462063","NETHERLANDS","ML515TMR"
"P462065","NETHERLANDS","WL515MGG"
"P462066","NETHERLANDS","WL515MGR"
"P460944","ITALY","WL515NVY"
"P461236","ITALY","WL515MGR"
"P461238","ITALY","WL515MGG"
"P463639","NETHERLANDS","GC515BLK"
"P463681","UNITED KINGDOM","ML515AGR"
"P463683","UNITED KINGDOM","ML515TOV"
"P463682","UNITED KINGDOM","ML515TMR"
"P463685","UNITED KINGDOM","ML515WGR"
"P463684","UNITED KINGDOM","ML515WBR"
"P463686","UNITED KINGDOM","ML515WNV"
"P463688","UNITED KINGDOM","WL515MGG"
"P463689","UNITED KINGDOM","WL515MGR"
"P463687","UNITED KINGDOM","WL515MBO"
"P463691","NETHERLANDS","ML515TMR"
"P463690","NETHERLANDS","ML515AGR"
"P463692","NETHERLANDS","ML515TOV"
"P463694","NETHERLANDS","ML515WGR"
"P463695","NETHERLANDS","ML515WNV"
"P463693","NETHERLANDS","ML515WBR"
"P463697","NETHERLANDS","WL515MGG"
"P463696","NETHERLANDS","WL515MBO"
"P463698","NETHERLANDS","WL515MGR"
"P464667","NETHERLANDS","ML515WBR"
"P464668","NETHERLANDS","ML515WGR"
"P464669","NETHERLANDS","ML515WMR"
"P464847","POLAND","WL515MGR"
"P464953","GREECE","ML515WGR"
"P464954","GREECE","ML515WNV"
"P464991","ITALY","ML515WMR"
"P465346","NETHERLANDS","ML515WGR"
"P465345","NETHERLANDS","ML515WBR"
"P465347","NETHERLANDS","ML515WMR"
"P465634","NETHERLANDS","ML515WNV"
"P465772","UNITED KINGDOM","ML515WBR"
"P465774","UNITED KINGDOM","ML515WNV"
"P465773","UNITED KINGDOM","ML515WGR"
"P465775","NETHERLANDS","ML515WGR"
"P465776","NETHERLANDS","ML515WNV"
"P464846","POLAND","WL515MGG"
"P469538","NETHERLANDS","WL515MBO"
"P469885","NETHERLANDS","WL515MBO"
"P469882","NETHERLANDS","ML515WBR"
"P469881","NETHERLANDS","ML515AGR"
"P469883","NETHERLANDS","ML515WGR"
"P469886","NETHERLANDS","WL515MGG"
"P469880","UNITED KINGDOM","ML515AGR"
"P469884","NETHERLANDS","ML515WNV"
"P469539","NETHERLANDS","WL515MBO"
"P471237","POLAND","U574SGG"
"P471239","POLAND","U574SNV"
"P471243","POLAND","WL574MLG"
"P471242","POLAND","WL574MGS"
"P471299","UNITED KINGDOM","WL574MLG"
"P471298","UNITED KINGDOM","WL574MGS"
"P471809","GERMANY","U574SGG"
"P471811","GERMANY","U574SNV"
"P471836","GERMANY","WL574MLG"
"P472357","UNITED KINGDOM","WL574MLG"
"P472362","NETHERLANDS","WL574MLG"
"P472356","UNITED KINGDOM","WL574MGS"
"P471835","GERMANY","WL574MGS"
"P472361","NETHERLANDS","WL574MGS"
"P479726","NETHERLANDS","WL515WGW"
"P479853","UNITED KINGDOM","ML515AGG"
"P480173","NETHERLANDS","ML515AGG"
"P480174","NETHERLANDS","ML515AGG"
"P481622","UNITED KINGDOM","ML515NVY"
"P481624","NETHERLANDS","ML515NVY"
"P481498","NETHERLANDS","NW515GRY"
"P481506","NETHERLANDS","WL515WGW"
"P481742","NETHERLANDS","ML515AGG"
"P482149","NETHERLANDS","ML515GRY"
"P482156","NETHERLANDS","WL515SB3"
"P482140","UNITED KINGDOM","ML515GRY"
"P482142","UNITED KINGDOM","WL515SB3"
"P481492","NETHERLANDS","ML574EVE"
"P479583","UNITED KINGDOM","PZ740BO"
"P483114","UNITED KINGDOM","GR740BO"
"P483350","FRANCE","PZ740BO"
"P483457","GERMANY","GR740KP"
"P483695","GERMANY","GR740KP"
"P484217","NETHERLANDS","GR740BO"
"P484242","NETHERLANDS","IZ740BO"
"P479597","NETHERLANDS","GR740BO"
"P479604","NETHERLANDS","PZ740BO"
"P479947","UNITED KINGDOM","P74032G"
"P479960","NETHERLANDS","IZ740BO"
"P480617","ITALY","G7402H8"
"P480699","ITALY","P74032G"
"P480836","POLAND","GC515BLK"
"P481003","POLAND","ML515AGG"
"P481086","POLAND","U57452Z"
"P481087","POLAND","U5747JD"
"P481161","POLAND","WL515OPB"
"P481162","POLAND","WL515WGW"
"P482194","NETHERLANDS","GR740KP"
"P482194","NETHERLANDS","GR740KP"
"P482182","NETHERLANDS","G7402H8"
"P482997","UNITED KINGDOM","U57452Z"
"P483879","NETHERLANDS","GC515BLK"
"P483880","NETHERLANDS","GC515GRY"
"P483035","UNITED KINGDOM","PZ740BO"
"P483234","UNITED KINGDOM","PZ740BO"
"P483235","UNITED KINGDOM","PZ740BO"
"P483759","GERMANY","PZ740BO"
"P489818","NETHERLANDS","ML515BLK"
"P489819","NETHERLANDS","ML515BLK"
"P487568","POLAND","W57458W"
"P487894","ITALY","W57458W"
"P487641","GREECE","W57458W"
"P488649","UNITED KINGDOM","W57458W"
"P488656","NETHERLANDS","W57458W"
"P489783","GERMANY","W57458W"
"P489871","GERMANY","WL574XD2"
"P490411","NETHERLANDS","ML515WNV"
"P490677","NETHERLANDS","W57458W"
"P491334","NETHERLANDS","W57458W"
"P487865","ITALY","ML515AGG"
"P487868","ITALY","ML515LCB"
"P487869","ITALY","ML515LCG"
"P487873","ITALY","ML515WNV"
"P487903","ITALY","WL515WGW"
"P488044","ITALY","GC515BLK"
"P487870","ITALY","ML515LCN"
"P488499","UNITED KINGDOM","ML515LCB"
"P488500","UNITED KINGDOM","ML515LCN"
"P488501","UNITED KINGDOM","WL515WGW"
"P488510","NETHERLANDS","ML515LCB"
"P488511","NETHERLANDS","ML515LCN"
"P488643","NETHERLANDS","ML515AGG"
"P489820","NETHERLANDS","ML515LCN"
"P489817","NETHERLANDS","ML515AGG"
"P490419","NETHERLANDS","ML515LCB"
"P490430","NETHERLANDS","GC515PNK"
"P490430","NETHERLANDS","GC515PNK"
"P490516","NETHERLANDS","GC515BLK"
"P491142","NETHERLANDS","ML515BLK"
"P491143","NETHERLANDS","ML515WNV"
"P491208","NETHERLANDS","GC515GRY"
"P489789","GERMANY","WL574XE2"
"P489788","GERMANY","WL574XD2"
"P489787","GERMANY","WL574XD2"
"P489786","GERMANY","WL574XD2"
"P489832","NETHERLANDS","WL574XD2"
"P489833","NETHERLANDS","WL574XE2"
"P489872","GERMANY","WL574XD2"
"P490796","UNITED KINGDOM","WL574XE2"
"P492314","NETHERLANDS","M5158NH"
"P492653","NETHERLANDS","M5152YB"
"P493166","NETHERLANDS","ML515LCB"
"P493167","NETHERLANDS","ML515LCN"
"P493207","UNITED KINGDOM","M5158NH"
"P493391","NETHERLANDS","M5152YB"
"P494147","POLAND","M5152YB"
"P494148","POLAND","M5158NH"
"P494308","POLAND","M5158NH"
"P494309","POLAND","M5158NH"
"P494341","ITALY","M5152YB"
"P494342","ITALY","M5158NH"
"P494688","NETHERLANDS","ML515LCB"
"P494689","NETHERLANDS","ML515LCG"
"P494690","NETHERLANDS","ML515LCN"
"P494702","NETHERLANDS","ML515AGG"
"P492658","NETHERLANDS","W51547Y"
"P493173","NETHERLANDS","W57424E"
"P493329","NETHERLANDS","WL574XD2"
"P493328","NETHERLANDS","U5747JD"
"P493656","GERMANY","W57458W"
"P493277","NETHERLANDS","W5746J3"
"P493657","GERMANY","W5746J3"
"P494587","UNITED KINGDOM","W5746J3"
"P493268","NETHERLANDS","U57452Z"
"P494848","NETHERLANDS","W5746J3"
"P496555","NETHERLANDS","ML515WNV"
"P493799","NETHERLANDS","M5152YB"
"P493800","NETHERLANDS","M5158NH"
"P493165","NETHERLANDS","ML515GRY"
"P493806","NETHERLANDS","ML515GRY"
"P494654","UNITED KINGDOM","WL515OPB"
"P494703","NETHERLANDS","WL515OPB"
"P494643","UNITED KINGDOM","WL515WGW"
"P494693","NETHERLANDS","WL515WGW"
"P497645","UNITED KINGDOM","W57474P"
"P497786","NETHERLANDS","W57474P"
"P498658","GERMANY","W57474P"
"P496846","NETHERLANDS","U7404OO"
"P497644","UNITED KINGDOM","U7404OO"
"P497785","NETHERLANDS","U7404OO"
"P498355","SWEDEN","U7404OO"
"P498609","GERMANY","U7404OO"
"P497080","UNITED KINGDOM","PZ740BO"
"P497086","NETHERLANDS","PZ740BO"
"P497355","NETHERLANDS","U740WN2"
"P497643","UNITED KINGDOM","IZ740BO"
"P497695","UNITED KINGDOM","U7401UW"
"P497716","UNITED KINGDOM","PZ740BO"
"P497784","NETHERLANDS","IZ740BO"
"P497933","UNITED KINGDOM","IZ740BO"
"P497963","UNITED KINGDOM","U740BM2"
"P497964","UNITED KINGDOM","U740IN2"
"P497965","UNITED KINGDOM","U740WM2"
"P497875","NETHERLANDS","PZ740BO"
"P497942","UNITED KINGDOM","PZ740BO"
"P497845","NETHERLANDS","U7401UW"
"P498079","UNITED KINGDOM","PZ740BO"
"P498122","UNITED KINGDOM","U740WM2"
"P498123","UNITED KINGDOM","U740WM2"
"P498126","UNITED KINGDOM","U740WM2"
"P498127","UNITED KINGDOM","U740WM2"
"P498148","UNITED KINGDOM","IZ740BO"
"P498174","UNITED KINGDOM","U740WM2"
"P498021","UNITED KINGDOM","U740BM2"
"P498023","UNITED KINGDOM","U740IN2"
"P498201","UNITED KINGDOM","U740IN2"
"P498417","GERMANY","U740BM2"
"P498476","GERMANY","GR740KP"
"P498425","GERMANY","U740WM2"
"P498426","GERMANY","U740WM2"
"P498358","GERMANY","G74047M"
"P498600","GERMANY","U7401UW"
"P498634","GERMANY","U740WN2"
"P498635","GERMANY","U740WN2"
"P498845","NETHERLANDS","U740WN2"
"P498846","NETHERLANDS","U740WN2"
"P498926","GERMANY","U740BM2"
"P499016","FRANCE","PZ740BO"
"P498024","UNITED KINGDOM","U740WN2"
"P496764","UNITED KINGDOM","G74047M"
"P496773","NETHERLANDS","G74047M"
"P496773","NETHERLANDS","G74047M"
"P497194","NETHERLANDS","G74047M"
"P497626","UNITED KINGDOM","G74047M"
"P497760","NETHERLANDS","G74047M"
"P497924","UNITED KINGDOM","G74047M"
"P498056","UNITED KINGDOM","G74047M"
"P498450","GERMANY","G74047M"
"P498359","GERMANY","G74047M"
"P498373","GERMANY","GR740KP"
"P497192","NETHERLANDS","GR740KP"
"P498374","GERMANY","GR740SA"
"P498316","FRANCE","U740BM2"
"P498317","FRANCE","U740BM2"
"P498321","FRANCE","U740WM2"
"P498739","NETHERLANDS","U740BM2"
"P498738","NETHERLANDS","U740BM2"
"P498740","NETHERLANDS","U740BM2"
"P498745","NETHERLANDS","U740WM2"
"P498746","NETHERLANDS","U740WM2"
"P498747","NETHERLANDS","U740WM2"
"P498748","NETHERLANDS","U740WM2"
"P498749","NETHERLANDS","U740WM2"
"P498781","IRELAND","U740BM2"
"P498783","IRELAND","U740WM2"
"P498785","IRELAND","U740WM2"
"P498892","UNITED KINGDOM","U740BM2"
"P498750","NETHERLANDS","U740WM2"
"P498927","GERMANY","U740BM2"
"P499003","UNITED KINGDOM","U740WM2"
"P499004","UNITED KINGDOM","U740WM2"
"P499005","UNITED KINGDOM","U740WM2"
"P496855","NETHERLANDS","W57474P"
"P496856","NETHERLANDS","W57480T"
"P496857","NETHERLANDS","W5749OU"
"P496863","NETHERLANDS","U5749BU"
"P496867","NETHERLANDS","W57424E"
"P497011","NETHERLANDS","W57458W"
"P497165","NETHERLANDS","M5152YB"
"P497334","UNITED KINGDOM","W5156FP"
"P497422","NETHERLANDS","W5156FP"
"P497429","NETHERLANDS","W5156FP"
"P497434","NETHERLANDS","W5156FP"
"P497460","UNITED KINGDOM","ML515LCN"
"P497464","NETHERLANDS","ML515LCN"
"P497463","UNITED KINGDOM","WL515WGW"
"P497467","NETHERLANDS","WL515WGW"
"P497493","UNITED KINGDOM","ML515LCB"
"P497495","NETHERLANDS","ML515LCB"
"P497641","UNITED KINGDOM","U5748DF"
"P497641","UNITED KINGDOM","U5748DF"
"P497646","UNITED KINGDOM","W57480T"
"P497647","UNITED KINGDOM","W5749OU"
"P497663","UNITED KINGDOM","U5748SB"
"P497663","UNITED KINGDOM","U5748SB"
"P497776","NETHERLANDS","U5748DF"
"P497776","NETHERLANDS","U5748DF"
"P497787","NETHERLANDS","W57480T"
"P497788","NETHERLANDS","W5749OU"
"P497807","NETHERLANDS","U5748SB"
"P497807","NETHERLANDS","U5748SB"
"P498031","UNITED KINGDOM","W57424E"
"P498032","UNITED KINGDOM","WL574XD2"
"P498303","FRANCE","U5748DF"
"P498598","GERMANY","U5748DF"
"P498599","GERMANY","U5748SB"
"P498327","FRANCE","W57474P"
"P498330","FRANCE","W57480T"
"P498329","FRANCE","W57474P"
"P498328","FRANCE","W57474P"
"P498331","FRANCE","W57480T"
"P498659","GERMANY","W57480T"
"P498660","GERMANY","W5749OU"
"P499015","GERMANY","W57458W"
"P499118","ITALY","M5158NH"
"P499117","ITALY","M5152YB"
"P499126","ITALY","U5749BU"
"P499179","ITALY","W51547Y"
"P499178","ITALY","M5158NH"
"P499394","POLAND","U5749BU"
"P497329","NETHERLANDS","W5157F7"
"P498938","UNITED KINGDOM","G74047M"
"P498939","UNITED KINGDOM","G74047M"
"P499315","ITALY","G74047M"
"P499338","POLAND","G74047M"
"P501130","NETHERLANDS","ML515LCB"
"P501123","UNITED KINGDOM","ML515LCB"
"P501684","ITALY","ML574EVB"
"P502130","UNITED KINGDOM","ML574EVB"
"P502131","UNITED KINGDOM","ML574EVB"
"P502132","UNITED KINGDOM","ML574EVB"
"P503124","NETHERLANDS","ML574EVN"
"P503122","NETHERLANDS","ML574EVE"
"P503123","NETHERLANDS","ML574EVG"
"P503121","NETHERLANDS","ML574EVB"
"P503893","NETHERLANDS","ML574EVB"
"P503895","NETHERLANDS","ML574EVE"
"P501129","NETHERLANDS","W57480T"
"P501122","UNITED KINGDOM","W57480T"
"P501914","UNITED KINGDOM","G74047M"
"P502014","UNITED KINGDOM","U740BM2"
"P502280","UNITED KINGDOM","G74047M"
"P502438","FRANCE","W57474P"
"P502439","FRANCE","W5749N0"
"P502442","FRANCE","W5749N0"
"P502443","FRANCE","W5749N0"
"P502441","FRANCE","W5749N0"
"P502444","FRANCE","W5749OU"
"P502445","FRANCE","W5749OU"
"P502440","FRANCE","W5749N0"
"P502531","GERMANY","U740WM2"
"P502542","GERMANY","G74047M"
"P502627","GERMANY","W57480T"
"P502634","GERMANY","G74047M"
"P502857","UNITED KINGDOM","G74047M"
"P502858","UNITED KINGDOM","G74047M"
"P503295","NETHERLANDS","W5749OU"
"P503155","NETHERLANDS","G7407LM"
"P503290","NETHERLANDS","PV515GRY"
"P507356","UNITED KINGDOM","GR740BO"
"P507357","UNITED KINGDOM","GR740BO"
"P507365","UNITED KINGDOM","IZ740NW"
"P507367","UNITED KINGDOM","PZ740BO"
"P507369","UNITED KINGDOM","PZ740NW"
"P507368","UNITED KINGDOM","PZ740BO"
"P507370","UNITED KINGDOM","PZ740NW"
"P507371","UNITED KINGDOM","PZ740NW"
"P507372","UNITED KINGDOM","PZ740NW"
"P507373","UNITED KINGDOM","PZ740NW"
"P507374","UNITED KINGDOM","PZ740NW"
"P507504","FRANCE","PZ740NW"
"P507996","NETHERLANDS","PZ740NW"
"P507998","NETHERLANDS","PZ740NW"
"P508000","NETHERLANDS","PZ740NW"
"P508001","NETHERLANDS","PZ740NW"
"P507845","UNITED KINGDOM","GR740BO"
"P507846","UNITED KINGDOM","GR740BO"
"P507950","NETHERLANDS","GR740BO"
"P507951","NETHERLANDS","GR740BO"
"P507952","NETHERLANDS","GR740BO"
"P507953","NETHERLANDS","GR740BO"
"P508556","NETHERLANDS","ML515LCN"
"P508570","NETHERLANDS","U5744SH"
"P508555","NETHERLANDS","ML515LCB"
"P508571","NETHERLANDS","U5745UK"
"P508638","NETHERLANDS","M5152H1"
"P508640","NETHERLANDS","U5747LO"
"P509661","NETHERLANDS","M5157I4"
"P509665","NETHERLANDS","W51592L"
"P508632","NETHERLANDS","ML515AGG"
"P508233","GERMANY","IZ740PK"
"P508266","GERMANY","PZ740PK"
"P510255","NETHERLANDS","WL574XD2"
"P510262","NETHERLANDS","W51550B"
"P510261","NETHERLANDS","M51572Q"
"P506976","POLAND","WL515WGW"
"P509114","UNITED KINGDOM","ML515LCN"
"P509113","UNITED KINGDOM","ML515LCB"
"P509117","UNITED KINGDOM","WL515WGW"
"P509127","NETHERLANDS","ML515LCB"
"P509128","NETHERLANDS","ML515LCN"
"P509131","NETHERLANDS","WL515WGW"
"P509161","UNITED KINGDOM","ML515AGG"
"P509163","NETHERLANDS","ML515AGG"
"P509618","NETHERLANDS","WL515WGW"
"P508423","NETHERLANDS","PZ740NW"
"P508424","NETHERLANDS","PZ740PK"
"P508853","NETHERLANDS","IZ740PK"
"P509112","UNITED KINGDOM","U5744SH"
"P509126","NETHERLANDS","U5744SH"
"P516359","POLAND","M5152H1"
"P516474","POLAND","W51550B"
"P516550","POLAND","I5742W2"
"P516622","POLAND","M5157I4"
"P516709","GREECE","I5743J5"
"P516710","GREECE","I5747RV"
"P517890","NETHERLANDS","M5152H1"
"P517891","NETHERLANDS","M5157I4"
"P517892","NETHERLANDS","M51572Q"
"P516585","POLAND","W51592L"
"P516370","POLAND","U5744SH"
"P516377","POLAND","P5741II"
"P516373","POLAND","U5745UK"
"P516436","POLAND","G5743LF"
"P516372","POLAND","U5747LO"
"P516479","POLAND","G5746TW"
"P516512","POLAND","P5743WU"
"P516828","GREECE","U5745UK"
"P516858","GREECE","ML515LCB"
"P517765","NETHERLANDS","ML515LCB"
"P517889","NETHERLANDS","ML515LCN"
"P515838","NETHERLANDS","ML515LCN"
"P515837","NETHERLANDS","ML515LCB"
"P517048","ITALY","P5741II"
"P517269","ITALY","M51572Q"
"P516984","ITALY","I5741V9"
"P516985","ITALY","I5742W2"
"P516986","ITALY","I5743J5"
"P517279","ITALY","ML515LCB"
"P517280","ITALY","ML515LCN"
"P517289","ITALY","U5744SH"
"P517301","ITALY","W51592L"
"P517800","NETHERLANDS","U5747LO"
"P517770","NETHERLANDS","G5746TW"
"P517893","NETHERLANDS","G5743LF"
"P517895","NETHERLANDS","NW515GRY"
"P517899","NETHERLANDS","U5745UK"
"P517902","NETHERLANDS","W51592L"
"P518458","UNITED KINGDOM","ML515LCB"
"P518459","UNITED KINGDOM","ML515LCG"
"P518463","NETHERLANDS","ML515LCB"
"P518464","NETHERLANDS","ML515LCG"
"P518477","UNITED KINGDOM","ML515LCN"
"P518851","NETHERLANDS","PV515GRY"
"P518916","UNITED KINGDOM","I5741V9"
"P518918","UNITED KINGDOM","U5745UK"
"P518920","UNITED KINGDOM","W51550B"
"P518921","UNITED KINGDOM","W51592L"
"P518922","NETHERLANDS","GC515BLK"
"P518923","NETHERLANDS","GC515PNK"
"P518923","NETHERLANDS","GC515PNK"
"P518924","NETHERLANDS","I5741V9"
"P518925","NETHERLANDS","I5743J5"
"P518926","NETHERLANDS","I5747RV"
"P518926","NETHERLANDS","I5747RV"
"P518928","NETHERLANDS","M51572Q"
"P518930","NETHERLANDS","U5745UK"
"P518932","NETHERLANDS","W51550B"
"P518934","NETHERLANDS","W51592L"
"P518854","NETHERLANDS","U5747LO"
"P517898","NETHERLANDS","P5743WU"
"P517268","ITALY","M5152H1"
"P518917","UNITED KINGDOM","I5747RV"
"P517810","NETHERLANDS","WL515WGW"
"P517896","NETHERLANDS","PV515BLK"
"P518462","UNITED KINGDOM","WL515WGW"
"P518467","NETHERLANDS","WL515WGW"
"P519637","UNITED KINGDOM","U5747LO"
"P519652","UNITED KINGDOM","U5745UK"
"P519820","NETHERLANDS","U5747LO"
"P519847","NETHERLANDS","I5741V9"
"P519849","NETHERLANDS","U5745UK"
"P483349","FRANCE","PZ740BO"
"P483319","FRANCE","GR740BO"
"P483459","GERMANY","GR740SA"
"P484214","NETHERLANDS","GR740BO"
"P484215","NETHERLANDS","GR740BO"
"P484216","NETHERLANDS","GR740BO"
"P484264","NETHERLANDS","PZ740BO"
"P484265","NETHERLANDS","PZ740BO"
"P484266","NETHERLANDS","PZ740BO"
"P484241","NETHERLANDS","IZ740BO"
"P484243","NETHERLANDS","IZ740BO"
"P479569","UNITED KINGDOM","G7402H8"
"P479571","NETHERLANDS","G7402H8"
"P479576","UNITED KINGDOM","GR740BO"
"P479939","UNITED KINGDOM","I7408JK"
"P480653","ITALY","I7408JK"
"P480921","POLAND","GC515BLK"
"P481088","POLAND","U5747SG"
"P481311","NETHERLANDS","G7402H8"
"P481916","NETHERLANDS","P74032G"
"P482494","NETHERLANDS","I7408JK"
"P480920","POLAND","GC515BLK"
"P482973","UNITED KINGDOM","ML574EVG"
"P483458","GERMANY","GR740KP"
"P483460","GERMANY","GR740SA"
"P483803","GERMANY","ML574EVG"
"P483915","NETHERLANDS","ML574EVG"
"P483916","NETHERLANDS","ML574EVG"
"P483939","NETHERLANDS","U5747JD"
"P483940","NETHERLANDS","U5747SG"
"P479635","UNITED KINGDOM","WL574XD2"
"P479655","NETHERLANDS","WL574XD2"
"P480337","GREECE","WL574XD2"
"P480338","GREECE","WL574XE2"
"P483212","UNITED KINGDOM","GR740BO"
"P483213","UNITED KINGDOM","GR740BO"
"P483694","GERMANY","GR740BO"
"P483802","GERMANY","ML574EVE"
"P479621","UNITED KINGDOM","ML574EVN"
"P479638","NETHERLANDS","ML574EVN"
"P479638","NETHERLANDS","ML574EVN"
"P483801","GERMANY","ML574EVB"
"P483911","NETHERLANDS","ML574EVB"
"P483920","NETHERLANDS","ML574EVN"
"P516551","POLAND","I57413Y"
"P516692","GREECE","PZ740NW"
"P516691","GREECE","PZ740BO"
"P517894","NETHERLANDS","I57413Y"
"P516707","GREECE","P5748O4"
"P516706","GREECE","G57429V"
"P516708","GREECE","P57488L"
"P517049","ITALY","P57466A"
"P517756","UNITED KINGDOM","G57479P"
"P518060","UNITED KINGDOM","G57429V"
"P518061","UNITED KINGDOM","G5743XZ"
"P518066","NETHERLANDS","G5743XZ"
"P518221","UNITED KINGDOM","P57488L"
"P518250","NETHERLANDS","P5748O4"
"P519651","UNITED KINGDOM","P5748MV"
"XNH0631","New Zealand","WL515CBR"
"2500492","Taiwan","ML515GRY"
"2500493","Taiwan","ML515WHT"
"2256700","United Arab Emirates","ML515MBR"
"2256699","United Arab Emirates","ML515MBK"
"2256703","United Arab Emirates","WL515SGM"
"2256701","United Arab Emirates","ML515MRT"
"UA121774","Ukraine","ML515GRY"
"UA121775","Ukraine","ML515WGR"
"UA121776","Ukraine","ML515WNV"
"FO0725234","Chile","WL515SGM"
"FO0725217","Chile","ML515MBK"
"X2251S132","Austria","WL515MGG"
"P041181","South Africa","ML515MBK"
"P041182","South Africa","ML515MBR"
"P041183","South Africa","ML515MGR"
"P041199","South Africa","WL515SGM"
"P041184","South Africa","ML515MRT"
"MEXPO5591","Mexico","ML515TMR"
"S225B1-278","Uruguay","ML515MBR"
"S225B1-386","Uruguay","ML515WGR"
"FO0725288","Chile","ML515WGR"
"FO0725289","Chile","ML515WNV"
"MF520183C","Malaysia","ML515MBR"
"MF520182C","Malaysia","ML515MBK"
"NBCZ0325114","Peru","WL515SPK"
"NBCZ0325115","Peru","WL515SBL"
"NBCZ0425077","Peru","WL515SGM"
"S225B1-385","Uruguay","ML515TMR"
"BMCFZ25408","Panama","ML515TMR"
"NBK253617O","Korea, Republic Of","ML515MBK"
"NBK253619O","Korea, Republic Of","WL515SOR"
"NBK253618O","Korea, Republic Of","ML515MRT"
"PAR24169","Paraguay","ML515WGR"
"NBCZ0425075","Peru","WL515SGM"
"NBJ-1198257","Japan","ML515MBK"
"NBJ-1198258","Japan","ML515MBK"
"NBJ-1198260","Japan","ML515MBR"
"NBJ-1198261","Japan","ML515MBR"
"NBJ-1198259","Japan","ML515MBR"
"NBJ-1198264","Japan","WL515SBL"
"NBJ-1198256","Japan","ML515MBK"
"NBJ-1198267","Japan","WL515SGM"
"NBJ-1198269","Japan","WL515SGM"
"NBJ-1198268","Japan","WL515SGM"
"NBJ-1198265","Japan","WL515SBL"
"2500964","Taiwan","WL515SGM"
"2500881","Taiwan","WL515SGM"
"2500882","Taiwan","WL515SOR"
"NBJ-1198266","Japan","WL515SBL"
"W216540","Australia","U574SGG"
"THFL225F072","Thailand","U574SNV"
"TH225F457","Thailand","WL574MLG"
"F2510937T","China","U574OF2"
"ID225F707","Indonesia","WL515SGM"
"ID225F706","Indonesia","ML515MBK"
"H5DF216","Hong Kong SAR","U574NVE"
"C1261S167","Switzerland","PZ740BO"
"P043358","South Africa","ML574EVG"
"KS126FT014","Kazakhstan","U57452Z"
"C1261S118","Switzerland","ML574EVG"
"MF610169C","Malaysia","ML574EVG"
"MEXPO6528","Mexico","U5747JD"
"1261514","United Arab Emirates","U57452Z"
"P043248","South Africa","PZ740BO"
"BMCSP26133","Panama","WL574EVB"
"BMCSP26133","Panama","WL574EVB"
"BMCSP26133","Panama","WL574EVB"
"BMCSP26131","Panama","ML574EVG"
"BMCSP26131","Panama","ML574EVG"
"BMCSP26131","Panama","ML574EVG"
"BMCSP26131","Panama","ML574EVG"
"BMCSP26131","Panama","ML574EVG"
"BMCSP26548","Panama","ML574EVG"
"BMCSP26548","Panama","ML574EVG"
"BMCSP26548","Panama","ML574EVG"
"BMCSP26548","Panama","ML574EVG"
"BMCSP26548","Panama","ML574EVG"
"C1261S294","Switzerland","W57424E"
"1261519","United Arab Emirates","W5746J3"
"F126739","United Arab Emirates","ML574EVG"
"F126747","United Arab Emirates","ML574EVG"
"F126750","United Arab Emirates","ML574EVE"
"F126754","United Arab Emirates","ML574EVE"
"BMCSP26199","Panama","W5741UB"
"BMCSP26199","Panama","W5741UB"
"BMCSP26199","Panama","W5741UB"
"BMCSP26200","Panama","W574688"
"BMCSP26200","Panama","W574688"
"BMCSP26200","Panama","W574688"
"BMCSP26193","Panama","U57452Z"
"BMCSP26193","Panama","U57452Z"
"BMCSP26193","Panama","U57452Z"
"BMCSP26193","Panama","U57452Z"
"BMCSP26193","Panama","U57452Z"
"BMCSP26195","Panama","U5747JD"
"BMCSP26195","Panama","U5747JD"
"BMCSP26195","Panama","U5747JD"
"BMCSP26195","Panama","U5747JD"
"BMCSP26194","Panama","U5745MX"
"BMCSP26194","Panama","U5745MX"
"BMCSP26194","Panama","U5745MX"
"BMCSP26194","Panama","U5745MX"
"BMCSP26194","Panama","U5745MX"
"BMCSP26547","Panama","ML574EVB"
"BMCSP26547","Panama","ML574EVB"
"BMCSP26547","Panama","ML574EVB"
"BMCSP26547","Panama","ML574EVB"
"BMCSP26547","Panama","ML574EVB"
"BMCSP26130","Panama","ML574EVB"
"BMCSP26130","Panama","ML574EVB"
"BMCSP26130","Panama","ML574EVB"
"BMCSP26130","Panama","ML574EVB"
"BMCSP26130","Panama","ML574EVB"
"S126B1-383","Uruguay","U574805"
"S126B1-381","Uruguay","U5746VZ"
"S126B1-364","Uruguay","U57452Z"
"S126B1-365","Uruguay","U5747JD"
"C1261S232","Switzerland","U5747JD"
"C1261S296","Switzerland","W5746J3"
"C1261S295","Switzerland","W57458W"
"FO0126318","Chile","WL574EVB"
"FO0126145","Chile","ML574EVN"
"FO0126248","Chile","U57452Z"
"FO0126253","Chile","U5747JD"
"FO0126250","Chile","U5745MX"
"FO0126313","Chile","W5746J3"
"MEXPO6747","Mexico","W5746J3"
"H6AF113","Hong Kong SAR","U5745MX"
"H6AF104","Hong Kong SAR","U57452Z"
"NBJ-1208540","Japan","ML574EVN"
"NBJ-1208545","Japan","ML574EVB"
"FO0126312","Chile","W57424E"
"1261746","United Arab Emirates","ML574EVE"
"FO0126311","Chile","W5741UB"
"F126362","United Arab Emirates","U5747JD"
"F126358","United Arab Emirates","U5745MX"
"1261518","United Arab Emirates","W57424E"
"2600952","Taiwan","ML515BLK"
"2600954","Taiwan","ML515WHT"
"2600953","Taiwan","ML515GRY"
"NBCZ0925041","Peru","W57424E"
"NBCZ0925042","Peru","W57458W"
"NBCZ0925043","Peru","W5746J3"
"NBCZ0925053","Peru","WL574EVB"
"NBCZ0925094","Peru","ML574EVB"
"NBCZ0925093","Peru","ML574EVG"
"NBCZ1025007","Peru","M5158NH"
"NBCZ1025006","Peru","M5152YB"
"MEXPO7018","Mexico","ML574EVG"
"H6AF235","Hong Kong SAR","W574688"
"NBJ-1213281","Japan","ML574EVG"
"NBJ-1213283","Japan","ML574EVG"
"NBJ-1213282","Japan","ML574EVG"
"P043676","South Africa","M515873"
"NBJ-1213280","Japan","ML574EVB"
"NBJ-1213278","Japan","ML574EVB"
"NBJ-1213278","Japan","ML574EVB"
"PAR39180","Paraguay","U5747FE"
"ARGP6108-2","Argentina","W57474P"
"ARGP6109-2","Argentina","W5749OU"
"ARGP6109-1","Argentina","W5749OU"
"ARGP6108-1","Argentina","W57474P"
"NBCZ1125034","Peru","U5748SB"
"BMCSP26713","Panama","W51547Y"
"BMCSP26713","Panama","W51547Y"
"BMCSP26713","Panama","W51547Y"
"NBCZ1125029","Peru","W5156FP"
"NBCZ1125028","Peru","W5158EK"
"FO0426170","Chile","W5158EK"
"S126B4-101","Uruguay","W5158EK"
"NBVD9403282","Brazil","U7405I7"
"2601158","Taiwan","U574OF2"
"XNH0727","New Zealand","W5151SM"
"FO0426120","Chile","W5156FP"
"ARGP6114-S","Argentina","ML574EVN"
"ARGP6113-S","Argentina","ML574EVG"
"ID126F414","Indonesia","M5152YB"
"ID126F414","Indonesia","M5152YB"
"F610222SS","Singapore","M515873"
"MF610135C","Malaysia","M515873"
"NBK262033K","Korea, Republic Of","I7404PH"
"NBK262029K","Korea, Republic Of","I7403VK"
"NBK262032K","Korea, Republic Of","P7403KD"
"NBK262028K","Korea, Republic Of","P740315"
"H6BF043","Hong Kong SAR","P7403KD"
"NBK262036K","Korea, Republic Of","P7403KD"
"BMCSP26765","Panama","U7401T4"
"BMCSP26765","Panama","U7401T4"
"BMCSP26765","Panama","U7401T4"
"BMCSP26765","Panama","U7401T4"
"P043934","South Africa","U7401T4"
"S126B4-250","Uruguay","U7401T4"
"VN126F244","Vietnam","U7401T4"
"K126096","United Arab Emirates","U7401T4"
"1266163","United Arab Emirates","U7401T4"
"S126B4-218","Uruguay","U7401T4"
"NBK262051K","Korea, Republic Of","PZ740NW"
"NBK262052K","Korea, Republic Of","IZ740NW"
"TH126F487","Thailand","G740372"
"F610640SS","Singapore","G740372"
"2600202","Taiwan","G74047M"
"W218486","Australia","G74047M"
"NBJ-1215774","Japan","NW515GRY"
"NBJ-1215775","Japan","NW515GRY"
"W218449","Australia","U740BM2"
"NBJ-1215922","Japan","U740BM2"
"NBJ-1215920","Japan","U740BM2"
"NBK262163","Korea, Republic Of","U7401T4"
"W218488","Australia","U7401T4"
"S206036","Australia","U7401T4"
"E209680","Australia","U7401T4"
"NBJ-1215776","Japan","PV515GRY"
"NBJ-1215777","Japan","PV515GRY"
"NBK261237","Korea, Republic Of","U740BM2"
"F610861FT","Singapore","U740WM2"
"MF611032T","Malaysia","U740WM2"
"MF611033T","Malaysia","U740WN2"
"NBK261238","Korea, Republic Of","U740WM2"
"NBK261239","Korea, Republic Of","U740WN2"
"8531","Israel","U5748SB"
"8531","Israel","U5748SB"
"8540","Israel","ML515LCN"
"8539","Israel","ML515AGG"
"ARGP6140-S","Argentina","ML574EVE"
"ARGP6141-S","Argentina","ML574EVB"
"ARGP6142-S","Argentina","ML574EVG"
"ARGP6143-S","Argentina","ML574EVN"
"S226EB1-50","Uruguay","ML574EVB"
"S226EB1-51","Uruguay","ML574EVE"
"S226EB1-52","Uruguay","ML574EVG"
"S226EB1-53","Uruguay","ML574EVN"
"S226EB1-7","Uruguay","I5742W2"
"2600238","Taiwan","I7404PH"
"2600431","Taiwan","P7403KD"
"XE01027","New Zealand","U7401T4"
"PAR45180","Paraguay","U7401T4"
"F610799PT","Singapore","U7401T4"
"NBK262103A","Korea, Republic Of","U7401T4"
"NBJ-1214124","Japan","U7401T4"
"ID126F735","Indonesia","G740372"
"ID126F735","Indonesia","G740372"
"IDFL126F784","Indonesia","G740372"
"ID126F805","Indonesia","U740WM2"
"ID126F806","Indonesia","U740WN2"
"W218450","Australia","U740BM2"
"C226ES33","Switzerland","ML574EVG"
"C226ES31","Switzerland","ML574EVB"
"C226ES32","Switzerland","ML574EVE"
"8622","Israel","ML574EVG"
"8622","Israel","ML574EVG"
"8620","Israel","ML574EVB"
"8620","Israel","ML574EVB"
"VN226F011","Vietnam","ML574EVG"
"ID126F393","Indonesia","ML574EVG"
"IDFL126F171","Indonesia","ML574EVG"
"F610769JT","Singapore","U7401T4"
"PH126F354","Philippines","U7401T4"
"F2601811T-2","China","WL515CSB"
"F2601811T-1","China","WL515CSB"
"P043240","South Africa","P74032G"
"P043187","South Africa","G7402H8"
"E209233","Australia","WL574EVB"
"E209230","Australia","ML574EVG"
"KS126FT013","Kazakhstan","U5747SG"
"KS126FT018","Kazakhstan","ML574EVG"
"KS126FT012","Kazakhstan","U5747JD"
"P043318","South Africa","U5745MX"
"P043319","South Africa","U5747SG"
"C1261S41","Switzerland","GR740BO"
"C1261S317","Switzerland","WL574XD2"
"C1261S318","Switzerland","WL574XE2"
"MEXPO6499","Mexico","U57452Z"
"MEXPO6503","Mexico","U5745MX"
"VN126F004","Vietnam","ML574EVG"
"1261749","United Arab Emirates","WL574EVB"
"1261517","United Arab Emirates","W57494Z"
"1261516","United Arab Emirates","U5747JD"
"1261515","United Arab Emirates","U5745MX"
"F126744","United Arab Emirates","ML574EVG"
"F126746","United Arab Emirates","ML574EVG"
"F126766","United Arab Emirates","WL574EVB"
"S126B1-63","Uruguay","ML574EVG"
"1261206","United Arab Emirates","PZ740NW"
"F2601A07T-2","China","WL515CSB"
"F2601A07T-3","China","WL515CSB"
"F2601A07T-1","China","WL515CSB"
"F2601A07T-4","China","WL515CSB"
"SVQ2260352S","Serbia and Montenegro","IZ740NW"
"SVQ2260403S","Serbia and Montenegro","PZ740NW"
"C2261S149","Switzerland","PZ740BO"
"C2261S54","Switzerland","IZ740BO"
"C2261S68","Switzerland","M5152H1"
"KS226FT019","Kazakhstan","ML574EVG"
"MEXPO7724","Mexico","ML574EVG"
"NBCL0226082","Peru","I5742W2"
"NBCL0226083","Peru","I5745YM"
"MEXPO8056","Mexico","I5742W2"
"MEXPO8055","Mexico","I57413Y"
"MEXPO8057","Mexico","I5745YM"
"F226266","United Arab Emirates","M5152H1"
"F226267","United Arab Emirates","M5152H1"
"F226268","United Arab Emirates","M51534P"
"F226776","United Arab Emirates","GR740BO"
"2261670","United Arab Emirates","GR740NW"
"F226793","United Arab Emirates","GR740NW"
"2261659","United Arab Emirates","GR740BO"
"2261661","United Arab Emirates","IZ740BO"
"PAR17186","Paraguay","P5748DN"
"NBCL0226091","Peru","P5748DN"
"NBCL0226089","Peru","P5741II"
"NBCL0226099","Peru","G5743LF"
"C2261S47","Switzerland","I5743J5"
"C2261S48","Switzerland","I5747RV"
"C2261S283","Switzerland","W51592L"
"MEXPO7668","Mexico","M5157I4"
"VN226F071","Vietnam","G57479P"
"VN226F077","Vietnam","P57466A"
"PHRT226F085","Philippines","P57466A"
"S226B1-162","Uruguay","W5748DS"
"PHRT226F086","Philippines","I5741V9"
